X,Y,Test or train,Raw prediction,Cumulative prediction,Cloglog prediction
1.0,1.0,train,9.215936833078195E-4,13.820626226345968,0.607941654935475
2.0,2.0,train,7.233462310168194E-4,3.3124473595121873,0.5204581123443509
3.0,3.0,train,0.0010818142770979543,66.51033939526972,0.6668390851279264
4.0,4.0,train,0.0010711353633298206,55.552902825356064,0.6632046619428609
5.0,5.0,train,0.0011062892971464059,84.83224289453868,0.6750215616566124
6.0,6.0,train,0.0010256026913717583,37.65681369611129,0.647258002895772
7.0,7.0,train,0.0011062892971464059,84.83224289453868,0.6750215616566124
8.0,8.0,train,0.0012015726677119137,99.51598863341565,0.7050073706373761
9.0,9.0,train,8.861462169596909E-4,10.250118027844024,0.5935643951542359
10.0,10.0,train,0.0010074640580585445,31.77971879501439,0.640697065410189
11.0,11.0,train,0.0010307704760463684,40.1004385980427,0.649105220982494
12.0,12.0,train,9.918429224183645E-4,26.02649550468551,0.6349490154846728
13.0,13.0,train,0.001071655330937484,55.772400448637654,0.6633825406133562
14.0,14.0,train,0.001004685417407298,30.028441015671486,0.6396812786424226
15.0,15.0,train,0.001034528807496034,42.06122196611865,0.6504425531786178
16.0,16.0,train,0.001003589105824732,29.70107141372332,0.6392797107790604
17.0,17.0,train,9.010482305707713E-4,11.76994755639651,0.5996716965208891
18.0,18.0,train,0.0010295117934687923,39.25095054173086,0.6486561995440646
19.0,19.0,train,0.001071004508952465,55.35268255378035,0.6631598824240712
20.0,20.0,train,0.001027486581395509,38.61640463508912,0.6479325206394562
21.0,21.0,train,0.0010616501370302965,50.75859750705891,0.6599432599484003
22.0,22.0,train,0.001078588787108727,62.97493560773183,0.6657454869413968
23.0,23.0,train,0.0010511495703269698,47.41151615642733,0.6562958962115435
24.0,24.0,train,0.0010655108438635537,52.35449056687834,0.6612745201701924
25.0,25.0,train,0.0010807971120900452,65.73691843456518,0.6664946034622992
26.0,26.0,train,0.0010560434384342156,49.27617129108032,0.6580006197279215
27.0,27.0,train,9.836487583577236E-4,23.65340368763895,0.6318971634108368
28.0,28.0,train,0.0011006070239565123,80.06257417741898,0.6731399624316545
29.0,29.0,train,0.0011170852047999611,90.25972790347798,0.678566676324645
30.0,30.0,train,0.0011289307803687843,97.3534328449287,0.6824119965178364
31.0,31.0,train,0.0011047112393591354,82.7910118030621,0.6745001006026702
32.0,32.0,train,0.0011276236993839099,95.10716264874992,0.6819899588490174
33.0,33.0,train,0.0010970387543251618,77.53369202480938,0.671952818995283
34.0,34.0,train,0.001120927084674816,92.9484981134018,0.6798189048004937
35.0,35.0,train,0.0010872739617699876,71.0994633912398,0.6686820364220263
36.0,36.0,train,0.0010306312098787916,39.998094005950435,0.649055567526427
37.0,37.0,train,0.0011169125729626104,89.83266402540117,0.6785102935940528
38.0,38.0,train,0.0011169125729626104,89.83266402540117,0.6785102935940528
39.0,39.0,train,0.0010341404328788422,41.75223414104035,0.6503045937745365
40.0,40.0,train,0.0010341404328788422,41.75223414104035,0.6503045937745365
41.0,41.0,train,0.0011096934656154667,86.81431693696433,0.6761436085225128
42.0,42.0,train,0.0011169647736923968,90.05276178970064,0.6785273437500136
43.0,43.0,train,9.983477051033563E-4,27.121561810570988,0.6373536453039425
44.0,44.0,train,0.00112091991977951,92.93243569971067,0.6798165740094466
45.0,45.0,train,0.0010316980502393426,40.4089556602338,0.6494357557603476
46.0,46.0,train,9.425646270450627E-4,15.267796957669765,0.6162067232624145
47.0,47.0,train,9.425646270450627E-4,15.267796957669765,0.6162067232624145
48.0,48.0,train,0.0011327012526415677,98.59085949570779,0.6836262922803549
49.0,49.0,train,0.0010417465456503828,44.9439138739884,0.6529965742855274
50.0,50.0,train,9.90475859047249E-4,25.588015474141095,0.634441627665102
51.0,51.0,train,5.397479691198791E-4,1.988895761378833,0.42211888564309397
52.0,52.0,train,9.215936833078195E-4,13.820626226345968,0.607941654935475
53.0,53.0,train,0.0010871764601031763,70.77008354189662,0.6686492136874689
54.0,54.0,train,0.0010908520168218525,73.71259801391501,0.6698842982706037
55.0,55.0,train,0.001049623810735606,46.540291277104544,0.655762679547955
56.0,56.0,train,0.0010263319925981648,38.14619132298984,0.6475192788535995
57.0,57.0,train,9.730642457919847E-4,21.010000670781757,0.6279172508461863
58.0,58.0,train,0.0010768296469301126,61.25259560349905,0.6651475407308249
59.0,59.0,train,0.0010768296469301126,61.25259560349905,0.6651475407308249
60.0,60.0,train,7.233462310168194E-4,3.3124473595121873,0.5204581123443509
61.0,61.0,train,7.822065111149654E-4,4.755139807875596,0.5482952058557071
62.0,62.0,train,5.960179298934362E-4,2.253937170420004,0.454230049207636
63.0,63.0,train,8.95591323704046E-4,11.079973590010043,0.597446012343452
64.0,64.0,train,8.107718686772266E-4,6.316070492442339,0.5612164300247288
65.0,65.0,train,8.813118822278329E-4,9.808825725938961,0.591563189637625
66.0,66.0,train,0.0010848922463293773,69.23822336046379,0.6678793301650825
67.0,67.0,train,9.634925958462015E-4,19.265617294553692,0.6242811492890203
68.0,68.0,train,0.0010748075015517636,59.34661527627712,0.6644588752703582
69.0,69.0,train,9.86706950053147E-4,24.047804717342846,0.6330391356913153
70.0,70.0,train,7.711794497566842E-4,4.287825423682168,0.5432060493098962
71.0,71.0,train,8.570395491930102E-4,8.767571535274588,0.5813655734791896
72.0,72.0,train,8.480481997247605E-4,8.511443206376141,0.5775237159905857
73.0,73.0,train,0.0010580802028809112,49.80395398400571,0.65870760940239
74.0,74.0,train,0.0010915163943691793,74.07217380325596,0.6701070549759855
75.0,75.0,train,0.0010792024303401422,63.98370562966555,0.6659538180270868
76.0,76.0,train,8.323815410532239E-4,7.693382076711073,0.5707451793170444
77.0,77.0,train,7.988771637894701E-4,5.545240940311226,0.5558815194820304
78.0,78.0,train,0.0010970387543251618,77.53369202480938,0.671952818995283
79.0,79.0,train,0.0010074640580585445,31.77971879501439,0.640697065410189
80.0,80.0,train,0.0010848922463293773,69.23822336046379,0.6678793301650825
81.0,81.0,train,0.001076761973345615,61.04439379711389,0.665124516568964
82.0,82.0,train,9.836487583577236E-4,23.65340368763895,0.6318971634108368
83.0,83.0,train,8.955092925434027E-4,11.050667841719326,0.5974124604284179
84.0,84.0,train,0.0011126246859364255,88.26019875951961,0.6771066624958109
85.0,85.0,train,0.0011062892971464059,84.83224289453868,0.6750215616566124
86.0,86.0,train,0.0010851152983206362,70.00433729879212,0.667954587533204
87.0,87.0,train,0.0010074640580585445,31.77971879501439,0.640697065410189
88.0,88.0,train,0.0010801011160503284,65.24463108991034,0.6662586863619302
89.0,89.0,train,0.001004685417407298,30.028441015671486,0.6396812786424226
90.0,90.0,train,0.0010762885898196754,60.30074746772677,0.6649634159670932
91.0,91.0,train,9.142948884407477E-4,13.074647298636654,0.6050234931736993
92.0,92.0,train,9.348455572420623E-4,15.079355390481803,0.6131849444415212
93.0,93.0,train,9.86723107007317E-4,24.34384141174007,0.6330451595101818
94.0,94.0,train,0.0011125956334928576,88.03149122400312,0.6770971313659735
95.0,95.0,train,9.736323618875363E-4,21.49639580974187,0.6281319584976026
96.0,96.0,train,8.110663630241118E-4,6.353619410832552,0.5613476979360592
97.0,97.0,train,9.174593389841356E-4,13.316692926391589,0.6062913430711558
98.0,98.0,train,9.593327088932283E-4,18.586997993766225,0.6226898244962739
99.0,99.0,train,0.001038833409193262,43.82187087699344,0.651968004696964
100.0,100.0,train,0.0010828977760909964,67.3243550055202,0.6672056406455311
101.0,101.0,train,0.0010330986045190835,41.39769281804847,0.6499342439017906
102.0,102.0,train,0.0010605326878581813,50.29701916681314,0.6595569624024009
103.0,103.0,train,0.0010843640058918577,68.06082223297493,0.6677010346897387
104.0,104.0,train,0.0010905723081562275,73.06276241628872,0.6697904707931328
105.0,105.0,train,0.0010977800811816285,78.17746285987515,0.67219980862917
106.0,106.0,train,0.0010843640058918577,68.06082223297493,0.6677010346897387
107.0,107.0,train,0.0010848922463293773,69.23822336046379,0.6678793301650825
108.0,108.0,train,0.0010734416129082964,57.5646596601856,0.6639929045191528
109.0,109.0,train,0.001094674752598459,76.20992992306614,0.6711639552764083
110.0,110.0,train,0.00108895750797142,72.07540756961038,0.669248269025804
111.0,111.0,train,0.0010848922463293773,69.23822336046379,0.6678793301650825
112.0,112.0,train,0.0010817376889666725,66.2891566197038,0.6668131595383153
113.0,113.0,train,0.0010785936241693504,63.10118580366578,0.6657471296251767
114.0,114.0,train,0.0010848922463293773,69.23822336046379,0.6678793301650825
115.0,115.0,train,0.0010848922463293773,69.23822336046379,0.6678793301650825
116.0,116.0,train,0.0010760061006727533,60.217917701745456,0.6648672431029494
117.0,117.0,train,0.00107526510973318,59.80073024309405,0.6646148430204553
118.0,118.0,train,0.0010848137658493056,68.91267636787609,0.6678528469262766
119.0,119.0,train,0.0010681772974762878,53.5257509242429,0.6621909305032496
120.0,120.0,train,0.0010022247028761548,28.02672365649271,0.6387793186164978
121.0,121.0,train,6.951499648916135E-4,3.0400427353507076,0.5065217327424014
122.0,122.0,train,0.0010970387543251618,77.53369202480938,0.671952818995283
123.0,123.0,train,0.0011012543344080424,80.26652851791366,0.6733548582020226
124.0,124.0,train,0.0010753570464005393,59.852762093941465,0.6646461692797065
125.0,125.0,train,0.0010787610420279414,63.502163220172,0.6658039803777633
126.0,126.0,train,9.495459814358502E-4,17.0650024744154,0.6189193743508071
127.0,127.0,train,0.001101713958180659,80.51775505512302,0.6735073594903804
128.0,128.0,train,9.92360309838604E-4,26.32414648266867,0.6351408609209566
129.0,129.0,train,0.0010866872655299305,70.61596146368043,0.6684844832719113
130.0,130.0,train,0.0010753570464005393,59.852762093941465,0.6646461692797065
131.0,131.0,train,0.0010054235087019758,30.94251938124858,0.6399513822016211
132.0,132.0,train,0.0011053865198517466,83.26718957323195,0.6747233458977124
133.0,133.0,train,0.0011039605269700826,82.06039834318547,0.6742517379427155
134.0,134.0,train,0.0011053865198517466,83.26718957323195,0.6747233458977124
135.0,135.0,train,0.001112100492458022,87.70481297305835,0.6769346489780302
136.0,136.0,train,9.001041187646818E-4,11.58974592818354,0.599287508110356
137.0,137.0,train,0.0010754242385127418,60.070585050954556,0.6646690622933388
138.0,138.0,train,0.001061827968837909,51.073286397562725,0.660004695225688
139.0,139.0,train,8.22497220086668E-4,7.008478918906706,0.5664126572962364
140.0,140.0,train,0.0010915163943691793,74.07217380325596,0.6701070549759855
141.0,141.0,train,0.0010858671762397297,70.24256208692603,0.6682081442794822
142.0,142.0,train,0.0010089603537858365,32.60727468129819,0.6412428790075899
143.0,143.0,train,9.902022287527259E-4,25.432207071901995,0.6343399846570559
144.0,144.0,train,9.902022287527259E-4,25.432207071901995,0.6343399846570559
145.0,145.0,train,9.554630967777875E-4,18.01768306788326,0.6212034912839903
146.0,146.0,train,8.41273071044197E-4,8.176497299563897,0.5746055384246491
147.0,147.0,train,9.90944107882353E-4,25.720459285135256,0.6346154983496897
148.0,148.0,train,0.0010216704576938528,36.57199325986232,0.645845918859911
149.0,149.0,train,0.0011108248891617402,87.00191836129521,0.6765156782335785
150.0,150.0,train,9.883257467450562E-4,24.837267484132816,0.6336421827303913
151.0,151.0,train,0.0011078884898748688,85.26062792547454,0.6755491543943102
152.0,152.0,train,0.0010999847645603064,79.21461774830189,0.6729332498993644
153.0,153.0,train,0.0010792024303401422,63.98370562966555,0.6659538180270868
154.0,154.0,train,9.801760846050818E-4,22.572854908039528,0.6305961081262577
155.0,155.0,train,0.0011024974735026668,80.77177732709121,0.673767162552728
156.0,156.0,train,8.534389241074907E-4,8.66500382957029,0.5798312967749844
157.0,157.0,train,0.0010316980502393426,40.4089556602338,0.6494357557603476
158.0,158.0,train,8.61448601790705E-4,9.107356085781529,0.5832367039477222
159.0,159.0,train,0.001119608087308602,91.27397077720724,0.6793895395693745
160.0,160.0,train,8.61448601790705E-4,9.107356085781529,0.5832367039477222
161.0,161.0,train,0.0010316980502393426,40.4089556602338,0.6494357557603476
162.0,162.0,train,0.001119608087308602,91.27397077720724,0.6793895395693745
163.0,163.0,train,9.686588844051013E-4,20.136018704158335,0.6262481230558121
164.0,164.0,train,8.02539172528781E-4,5.654109112716919,0.5575308465068511
165.0,165.0,train,8.819575631480704E-4,10.096835564995285,0.5918310426968081
166.0,166.0,train,9.96721090320299E-4,26.62094381229739,0.6367538222206024
167.0,167.0,train,7.91959627338126E-4,5.306560540712587,0.5527491456438877
168.0,168.0,train,7.819295152757425E-4,4.719570547168204,0.5481680649548291
169.0,169.0,train,8.341750188847279E-4,8.005056441127103,0.5715266483944095
170.0,170.0,train,9.704895924832906E-4,20.609451966990285,0.6269426592334439
171.0,171.0,train,9.840315972541576E-4,23.751876657593836,0.6320403152675644
172.0,172.0,train,7.899057739761116E-4,5.147844386609201,0.5518148807204433
173.0,173.0,train,0.0010762691610210074,60.28452691109065,0.6649568023554039
174.0,174.0,train,0.0010307704760463684,40.1004385980427,0.649105220982494
175.0,175.0,train,0.0010508278659268878,47.16459227413526,0.6561835369382435
176.0,176.0,train,9.9027353089515E-4,25.53027460561699,0.6343664733511285
177.0,177.0,train,0.0010771231666167,62.11996955833461,0.6652473847829166
178.0,178.0,train,0.0011016948386809,80.511556352135,0.6735010171380316
179.0,179.0,train,0.0011016948386809,80.511556352135,0.6735010171380316
180.0,180.0,train,9.053786431683364E-4,12.049130763513766,0.6014291618318549
181.0,181.0,train,9.495316573686184E-4,17.060881688180448,0.6189138283158024
182.0,182.0,train,9.882256847726274E-4,24.585859478676408,0.6336049355995681
183.0,183.0,train,0.0010577311663264714,49.70416591520395,0.6585865577417156
184.0,184.0,train,9.226394836183124E-4,13.934435279094465,0.6083580110889042
185.0,185.0,train,0.0011129204506623955,88.3278583844211,0.6772036769480966
186.0,186.0,train,0.0010943018125778611,75.72388026812207,0.6710393326459533
187.0,187.0,train,0.0010790817999267995,63.853522238394966,0.6659128744136562
188.0,188.0,train,0.0010948234795958155,76.33636485924255,0.671213641116759
189.0,189.0,train,0.0011063063735670027,84.911786043187,0.6750271999003838
190.0,190.0,train,0.0011063063735670027,84.911786043187,0.6750271999003838
191.0,191.0,train,9.648752350477933E-4,19.418236841741777,0.6248085771545133
192.0,192.0,train,0.0011047112393591354,82.7910118030621,0.6745001006026702
193.0,193.0,train,9.268093535293221E-4,14.17739478671921,0.6100137365822
194.0,194.0,train,9.101936129076067E-4,12.58582194959163,0.6033742238280018
195.0,195.0,train,0.0010961217680374865,76.77439850756232,0.6716470470042184
196.0,196.0,train,0.0010840492644835788,67.84071624493518,0.66759475542541
197.0,197.0,train,0.0011047112393591354,82.7910118030621,0.6745001006026702
198.0,198.0,train,0.0011129204506623955,88.3278583844211,0.6772036769480966
199.0,199.0,train,0.0010944376655314951,76.00193952235631,0.6710847350984768
200.0,200.0,train,7.52660130740964E-4,3.75276976762967,0.5345297650054421
201.0,201.0,train,7.956305277204208E-4,5.433227974997375,0.5544141308190567
202.0,202.0,train,0.0010256026913717583,37.65681369611129,0.647258002895772
203.0,203.0,train,8.509901234271052E-4,8.595247089685211,0.5787846172301443
204.0,204.0,train,9.815928856796014E-4,22.911182478836366,0.6311274744524874
205.0,205.0,train,9.138677570808979E-4,13.041971629170515,0.6048520488198467
206.0,206.0,train,9.723359372022601E-4,20.81519665722683,0.6276418204386649
207.0,207.0,train,0.001099882945139891,79.08284937618849,0.6728994133781706
208.0,208.0,train,9.914659877220842E-4,25.882175438735576,0.6348091859126539
209.0,209.0,train,0.0010898336191522133,72.29308674775184,0.669542551432073
210.0,210.0,train,0.0010235716541930305,37.01753953345327,0.6465293521077462
211.0,211.0,train,9.980783781201354E-4,26.82285074076207,0.6372543979744657
212.0,212.0,train,0.0010163241252877325,34.89174380696687,0.6439169532227078
213.0,213.0,train,0.0010221752943938356,36.80840093798337,0.646027523952153
214.0,214.0,train,0.0010113761114409789,33.049651781470295,0.6421223413699277
215.0,215.0,train,9.679406255418262E-4,19.845551716120884,0.625975276123041
216.0,216.0,train,9.661225927788747E-4,19.55554804342514,0.6252837646283307
217.0,217.0,train,9.661225927788747E-4,19.55554804342514,0.6252837646283307
218.0,218.0,train,9.415398322111765E-4,15.242783089071374,0.6158069105225882
219.0,219.0,train,9.799617281426682E-4,22.278742956515615,0.6305156478412812
220.0,220.0,train,9.661225927788747E-4,19.55554804342514,0.6252837646283307
221.0,221.0,train,0.0010876757844373865,71.31264941071211,0.6688172707643205
222.0,222.0,train,6.147064493294322E-4,2.3896194651891105,0.46449517207357804
223.0,223.0,train,8.223785263493257E-4,6.761712493876118,0.5663603663123725
224.0,224.0,train,0.0010171415060509941,35.226583349524276,0.6442125445007305
225.0,225.0,train,0.001065918738375175,52.77882748663745,0.6614148667929751
226.0,226.0,train,0.0010171415060509941,35.226583349524276,0.6442125445007305
227.0,227.0,train,6.073858800960684E-4,2.313438259409768,0.4604973767574534
228.0,228.0,train,0.0010171415060509941,35.226583349524276,0.6442125445007305
229.0,229.0,train,6.073858800960684E-4,2.313438259409768,0.4604973767574534
230.0,230.0,train,0.0010446233283690164,45.47433380237672,0.6540093249103741
231.0,231.0,train,0.0010035966053097002,29.79428257623061,0.6392824592843731
232.0,232.0,train,0.001005008917898616,30.582053987236115,0.6397996881645618
233.0,233.0,train,0.001004685417407298,30.028441015671486,0.6396812786424226
234.0,234.0,train,0.001005008917898616,30.582053987236115,0.6397996881645618
235.0,235.0,train,0.0010477232222090343,45.80573807292503,0.655097311927704
236.0,236.0,train,0.0010015321359374478,27.822513070645932,0.6385250554834649
237.0,237.0,train,9.469983328982335E-4,16.285350582424574,0.617931697668893
238.0,238.0,train,0.0010004373042667774,27.52121385259964,0.6381227431517467
239.0,239.0,train,0.0010004373042667774,27.52121385259964,0.6381227431517467
240.0,240.0,train,9.799523579874616E-4,22.27768079924465,0.6305121302844063
241.0,241.0,train,8.813118822278329E-4,9.808825725938961,0.591563189637625
242.0,242.0,train,0.0010132458651447092,33.60154809158391,0.6428015493349952
243.0,243.0,train,8.107718686772266E-4,6.316070492442339,0.5612164300247288
244.0,244.0,train,7.728039838515762E-4,4.3289255513376625,0.5439593823930482
245.0,245.0,train,9.960632262314825E-4,26.523257556118907,0.6365109495731323
246.0,246.0,train,8.224210922838132E-4,6.8497425888591845,0.5663791196242407
247.0,247.0,train,0.00104841070265534,46.06063483696335,0.655338136883993
248.0,248.0,train,0.0010726803438069381,56.74451845950512,0.6637329179928559
249.0,249.0,train,0.0010510109165189593,47.2748716422763,0.6562474741432831
250.0,250.0,train,0.0010768296469301126,61.25259560349905,0.6651475407308249
251.0,251.0,train,0.0010179051441891592,35.58623366194,0.6444884789999089
252.0,252.0,train,0.0010846588857033497,68.27403043336825,0.667800576423203
253.0,253.0,train,0.0010128415798466807,33.46701279188826,0.642654797703452
254.0,254.0,train,0.0010179051441891592,35.58623366194,0.6444884789999089
255.0,255.0,train,0.0010353214178411214,42.5804665279317,0.6507239373506745
256.0,256.0,train,0.0011012543344080424,80.26652851791366,0.6733548582020226
257.0,257.0,train,0.0010503286431342261,46.85306864043824,0.6560091044226088
258.0,258.0,train,0.0010532369129872226,48.101695510159466,0.6570240351535299
259.0,259.0,train,0.0010908520168218525,73.71259801391501,0.6698842982706037
260.0,260.0,train,0.0010411268550075833,44.550552353587946,0.6527780288946414
261.0,261.0,train,0.0010702081156877684,54.35244607067604,0.6628872212320951
262.0,262.0,train,0.0011171299054165097,90.60230625179635,0.678581274237819
263.0,263.0,train,0.001025551250762194,37.5326744408307,0.6472395667195556
264.0,264.0,train,9.489810200464426E-4,16.90247286050953,0.6187005697180743
265.0,265.0,train,0.0010684661313046298,53.84292161705418,0.6622900483516442
266.0,266.0,train,9.87780670686418E-4,24.484564258966213,0.6334392374026023
267.0,267.0,train,9.918429224183645E-4,26.02649550468551,0.6349490154846728
268.0,268.0,train,8.670961797205122E-4,9.336504674199887,0.5856212325337791
269.0,269.0,train,0.001012559833886798,33.25309800168842,0.6425524910120671
270.0,270.0,train,0.001127292546084775,95.01878876526536,0.6818829451916617
271.0,271.0,train,0.0011054595758370513,83.59925741956195,0.6747474887626375
272.0,272.0,train,0.001109391488337606,86.14854749753344,0.6760442306742714
273.0,273.0,train,0.0010864926445144712,70.55464558446263,0.6684189242056884
274.0,274.0,train,0.0010956627934850481,76.55585247677499,0.6714938934698934
275.0,275.0,train,0.0011096934656154667,86.81431693696433,0.6761436085225128
276.0,276.0,train,0.0011112873651218332,87.25592448814064,0.6766676407918979
277.0,277.0,train,0.0010295117934687923,39.25095054173086,0.6486561995440646
278.0,278.0,train,8.139892397899483E-4,6.516186970825898,0.5626484138383567
279.0,279.0,train,8.139892397899483E-4,6.516186970825898,0.5626484138383567
280.0,280.0,train,9.254057217400759E-4,14.102932068372818,0.6094571811302001
281.0,281.0,train,0.0010969654474551837,77.10094493784706,0.6719283850618811
282.0,282.0,train,0.0011198959700230615,91.60562980515238,0.6794833013811473
283.0,283.0,train,0.001034528807496034,42.06122196611865,0.6504425531786178
284.0,284.0,train,0.0010969654474551837,77.10094493784706,0.6719283850618811
285.0,285.0,train,0.0011258755234748558,94.61868411250812,0.6814246211660255
286.0,286.0,train,0.0011059179062950471,83.82143418939951,0.6748989126840441
287.0,287.0,train,0.001120875339293464,92.83249422410667,0.6798020712812474
288.0,288.0,train,0.0010366518353497835,43.17983013638113,0.6511957390629237
289.0,289.0,train,0.0011317023706421945,98.25108751881547,0.6833050511156824
290.0,290.0,train,0.001041222186321259,44.66496984866731,0.6528116582056436
291.0,291.0,train,0.0011258755234748558,94.61868411250812,0.6814246211660255
292.0,292.0,train,0.0010861697817011657,70.33646002326007,0.6683101376512551
293.0,293.0,train,0.0011183793307866887,90.82665481250645,0.6789890318698071
294.0,294.0,train,0.0011006070239565123,80.06257417741898,0.6731399624316545
295.0,295.0,train,0.001079548980628518,64.80939352351233,0.6660714140266668
296.0,296.0,train,0.0011184552183430261,90.91090744643948,0.6790137815688974
297.0,297.0,train,0.001120927084674816,92.9484981134018,0.6798189048004937
298.0,298.0,train,0.0010642752729616263,51.819880247745424,0.6608490350388398
299.0,299.0,train,0.0010257236716487942,37.94114436108029,0.6473013581042755
300.0,300.0,train,0.0010257236716487942,37.94114436108029,0.6473013581042755
301.0,301.0,train,0.001082706230990337,67.18920595023855,0.6671408689164795
302.0,302.0,train,0.0011157436151440615,88.88523886261932,0.6781282437187024
303.0,303.0,train,0.001076585564403399,60.80252285511168,0.6650644906115628
304.0,304.0,train,0.0011088024097470946,85.6446013980265,0.6758502827418212
305.0,305.0,train,0.001137433054876231,99.04410557196762,0.6851436209698631
306.0,306.0,train,0.0010736980567417488,57.81045486998272,0.6640804392414938
307.0,307.0,train,0.0011096615027573582,86.27557764198642,0.6761330912928666
308.0,308.0,train,0.001114231654137611,88.62277720550753,0.6776334168171376
309.0,309.0,train,0.001010643912041002,32.84952693262822,0.6418560103625368
310.0,310.0,train,0.0011169125729626104,89.83266402540117,0.6785102935940528
311.0,311.0,train,9.722753361286113E-4,20.80844366630494,0.6276188932495768
312.0,312.0,train,0.0010879717506550308,71.53345503407792,0.6689168435721176
313.0,313.0,train,0.0011169125729626104,89.83266402540117,0.6785102935940528
314.0,314.0,train,0.001069747331607809,54.20019045687602,0.6627293617874629
315.0,315.0,train,0.0010996916995172203,79.02151282474695,0.6728358493741805
316.0,316.0,train,0.0011169125729626104,89.83266402540117,0.6785102935940528
317.0,317.0,train,0.0010046567125107852,30.02314945990082,0.639670770030067
318.0,318.0,train,0.00112876000133942,97.24001918509163,0.6823568862484253
319.0,319.0,train,9.757384538906051E-4,21.594000848245535,0.6289268316933786
320.0,320.0,train,0.0011204328198794308,92.06262660218232,0.6796580771784066
321.0,321.0,train,9.804395908490525E-4,22.768576086159655,0.6306949931378705
322.0,322.0,train,0.0011096615027573582,86.27557764198642,0.6761330912928666
323.0,323.0,train,0.0010906653535496184,73.2657165324424,0.6698216855658059
324.0,324.0,train,0.0010949767043730175,76.37632441273271,0.6712648216976302
325.0,325.0,train,0.001128414260704125,97.01041423330595,0.682245286715581
326.0,326.0,train,0.0010803696117869777,65.3520661396476,0.6663497163227892
327.0,327.0,train,0.0010424552269437675,45.128513072214055,0.6532463352802069
328.0,328.0,train,9.804395908490525E-4,22.768576086159655,0.6306949931378705
329.0,329.0,train,9.509894687608593E-4,17.320594734923382,0.6194778543736539
330.0,330.0,train,9.728002866174845E-4,20.939302399603957,0.6278174507960692
331.0,331.0,train,7.905463924578154E-4,5.197349625660861,0.5521064970202821
332.0,332.0,train,8.964609562317356E-4,11.409719373023933,0.5978015325486404
333.0,333.0,train,7.617490718956287E-4,4.003011323588847,0.538808326190991
334.0,334.0,train,9.092892650534025E-4,12.495524608494021,0.6030096275688452
335.0,335.0,train,9.689509298240329E-4,20.32977988068412,0.6263590062111899
336.0,336.0,train,0.00102383048902433,37.06633992384212,0.6466222947889663
337.0,337.0,train,9.689509298240329E-4,20.32977988068412,0.6263590062111899
338.0,338.0,train,0.0010801011160503284,65.24463108991034,0.6662586863619302
339.0,339.0,train,0.001098306707306511,78.30888520883617,0.6723751529272258
340.0,340.0,train,0.0010885448896731406,71.86147912690073,0.6691095813495891
341.0,341.0,train,0.0011250178310517978,94.34195084258721,0.6811468870388738
342.0,342.0,train,0.0010534549955637659,48.328649419639106,0.6571000210110112
343.0,343.0,train,0.0010769678665810667,62.00556424162968,0.6651945614228527
344.0,344.0,train,3.533030045172321E-4,1.3225289579260362,0.30159627000095457
345.0,345.0,train,0.0011124615116444687,87.87442344695684,0.6770531268498559
346.0,346.0,train,0.0011253578369381787,94.4141303179867,0.6812570151808609
347.0,347.0,train,8.345062879599737E-4,8.01305765799023,0.5716708359749207
348.0,348.0,train,7.079672940397979E-5,0.5266328967477232,0.06940386619339678
349.0,349.0,train,0.0010708070796967822,54.67195888830704,0.6630923091281364
350.0,350.0,train,9.913251802494696E-4,25.828263331586715,0.6347569375314068
351.0,351.0,train,0.0010985750310071058,78.52808326531611,0.6724644573350371
352.0,352.0,train,0.0010898425959601163,72.32295934044964,0.6695455653520868
353.0,353.0,train,0.001115221908821633,88.81631632710854,0.6779575882142695
354.0,354.0,train,9.857970595582004E-4,23.947179295855626,0.6326997403613148
355.0,355.0,train,0.0010850352795077054,69.87659397648868,0.6679275912814984
356.0,356.0,train,7.567824070327798E-4,3.866266468268795,0.5364751971441626
357.0,357.0,train,0.001106514558043447,85.1503262398168,0.6750959297908052
358.0,358.0,train,0.001061023173188328,50.505563268266435,0.6597265751531618
359.0,359.0,train,0.0011170852047999611,90.25972790347798,0.678566676324645
360.0,360.0,train,8.955161541697446E-4,11.051470933821617,0.5974152670386572
361.0,361.0,train,0.001122012834099598,93.62814034638147,0.6801719107300704
362.0,362.0,train,0.0010916102282937927,74.80377270518353,0.6701385040913167
363.0,363.0,train,0.0010885985160247107,71.88928255182742,0.6691276093200391
364.0,364.0,train,0.0010916102282937927,74.80377270518353,0.6701385040913167
365.0,365.0,train,9.425646270450627E-4,15.267796957669765,0.6162067232624145
366.0,366.0,train,0.0010774145294200688,62.33161600421324,0.6653464657032031
367.0,367.0,train,9.425646270450627E-4,15.267796957669765,0.6162067232624145
368.0,368.0,train,0.0011032989898161175,81.06095988254606,0.6740327205865742
369.0,369.0,train,0.0010916102282937927,74.80377270518353,0.6701385040913167
370.0,370.0,train,0.0010970431083929671,77.76353198459601,0.6719542701935908
371.0,371.0,train,0.001049623810735606,46.540291277104544,0.655762679547955
372.0,372.0,train,0.0010607411373413228,50.33456022503442,0.6596290558039932
373.0,373.0,train,0.001068933696289834,53.97595868641391,0.6624504389521765
374.0,374.0,train,0.0010871764601031763,70.77008354189662,0.6686492136874689
375.0,375.0,train,0.0010388386557900967,43.82352210689325,0.6519698599020771
376.0,376.0,train,0.001025195965982897,37.32378521553836,0.6471122072968474
377.0,377.0,train,8.760648886997103E-4,9.635515464322134,0.5893800085957782
378.0,378.0,train,9.569667961729552E-4,18.304444123426073,0.6217817624131171
379.0,379.0,train,0.001078588787108727,62.97493560773183,0.6657454869413968
380.0,380.0,train,0.0010667597781807724,53.099510210590445,0.661704064684559
381.0,381.0,train,0.0010306312098787916,39.998094005950435,0.649055567526427
382.0,382.0,train,0.0010620037565573551,51.29018337429382,0.6600654134266396
383.0,383.0,train,0.0010306312098787916,39.998094005950435,0.649055567526427
384.0,384.0,train,0.001039549279380885,44.03163758705424,0.6522210461927115
385.0,385.0,train,8.861462169596909E-4,10.250118027844024,0.5935643951542359
386.0,386.0,train,0.0011205444573644165,92.22942208311127,0.6796944096897912
387.0,387.0,train,0.0011003935737151473,79.57316642173117,0.6730690696862554
388.0,388.0,train,0.0010681012850444632,53.49913064064937,0.6621648408126821
389.0,389.0,train,0.0010835038155385852,67.59095806851148,0.6674104922533083
390.0,390.0,train,0.001007829164342675,32.366601367261985,0.6408303241646867
391.0,391.0,train,0.001026707317965145,38.3489696736348,0.6476536656835064
392.0,392.0,train,9.948781664534073E-4,26.45952063736749,0.6360730351046341
393.0,393.0,train,9.772103447410645E-4,21.749527853639783,0.6294813382574087
394.0,394.0,train,0.00106602147272351,52.81836466496427,0.6614502060256899
395.0,395.0,train,8.085241825963513E-4,6.029284319785734,0.5602132515044906
396.0,396.0,train,8.733350497176609E-4,9.54534780819391,0.5882395599056827
397.0,397.0,train,0.0010705673611981945,54.500361783517214,0.6630102434451319
398.0,398.0,train,9.888754268624154E-4,24.895865329445403,0.6338467284758323
399.0,399.0,train,0.001018951820451627,36.05057037533266,0.6448663393998428
400.0,400.0,train,0.001016012672618529,34.775917716736465,0.643804257276134
401.0,401.0,train,0.0010156468805054362,34.5711813380314,0.6436718536155659
402.0,402.0,train,0.001071655330937484,55.772400448637654,0.6633825406133562
403.0,403.0,train,0.0010378295923341443,43.48883522463292,0.6516128714219744
404.0,404.0,train,0.001053884067889848,48.54346838712124,0.6572494722532713
405.0,405.0,train,0.0010413476895892696,44.77990272396356,0.652855926083759
406.0,406.0,train,0.001073143837323638,57.279248966864444,0.6638912329659641
407.0,407.0,train,0.0010744258208560916,58.025942597342535,0.6643287306001833
408.0,408.0,train,0.0010513282299686032,47.587586761913585,0.6563582794600427
409.0,409.0,train,0.0010502562524519442,46.82094445491783,0.6559838031820938
410.0,410.0,train,0.0011170215304687487,90.15030078663968,0.6785458810066867
411.0,411.0,train,0.0010359762416030636,42.991412142083625,0.6509562351084683
412.0,412.0,train,0.0011117798505454121,87.59154644611111,0.676829385518007
413.0,413.0,train,0.001130126305113658,97.79710967417299,0.6827975238305061
414.0,414.0,train,0.0011365176015345677,98.9965047666364,0.6848506349336017
415.0,415.0,train,0.001127669777020835,95.3149998360901,0.6820048461884856
416.0,416.0,train,0.001130126305113658,97.79710967417299,0.6827975238305061
417.0,417.0,train,0.0011000496816164606,79.29862937179122,0.6729548212389942
418.0,418.0,train,0.0011032757880786676,81.05228253191738,0.6740250364361057
419.0,419.0,train,0.0010881861867437488,71.65628241817731,0.6689889682491268
420.0,420.0,train,0.0010074640580585445,31.77971879501439,0.640697065410189
421.0,421.0,train,0.00118550484560076,99.27731510275106,0.7001520920122951
422.0,422.0,train,0.001120414040383279,91.87959818792035,0.6796519649709949
423.0,423.0,train,0.0011223635914868223,93.67929422156813,0.6802858680620799
424.0,424.0,train,0.0011062892971464059,84.83224289453868,0.6750215616566124
425.0,425.0,train,0.00118550484560076,99.27731510275106,0.7001520920122951
426.0,426.0,train,0.0011062892971464059,84.83224289453868,0.6750215616566124
427.0,427.0,train,0.0012015726677119137,99.51598863341565,0.7050073706373761
428.0,428.0,train,0.0010074640580585445,31.77971879501439,0.640697065410189
429.0,429.0,train,9.620938837878787E-4,18.83035936705422,0.6237468357801904
430.0,430.0,train,0.0010129563878966486,33.554220270815705,0.6426964780376854
431.0,431.0,train,0.0010195834323804584,36.30206348109694,0.6450941631764509
432.0,432.0,train,8.712505332411169E-4,9.475569649281901,0.5873665761737634
433.0,433.0,train,9.108550241277381E-4,12.768033798855322,0.6036406659013664
434.0,434.0,train,0.001051356875900077,47.597896219224765,0.656368280812658
435.0,435.0,train,9.108550241277381E-4,12.768033798855322,0.6036406659013664
436.0,436.0,train,9.337742940392728E-4,14.522195521305559,0.6127637019729595
437.0,437.0,train,0.0010276056547005351,38.65718828487812,0.6479751108978478
438.0,438.0,train,9.438625107498906E-4,15.83326140974051,0.6167124816067837
439.0,439.0,train,0.001016342836921532,34.898702473882004,0.6439237226995098
440.0,440.0,train,0.0010353214178411214,42.5804665279317,0.6507239373506745
441.0,441.0,train,8.475720997036276E-4,8.476230499173843,0.5773193061479291
442.0,442.0,train,0.0010276056547005351,38.65718828487812,0.6479751108978478
443.0,443.0,train,0.0010624906717195683,51.40778293780518,0.6602335404244803
444.0,444.0,train,8.95591323704046E-4,11.079973590010043,0.597446012343452
445.0,445.0,train,0.001051356875900077,47.597896219224765,0.656368280812658
446.0,446.0,train,0.0010353214178411214,42.5804665279317,0.6507239373506745
447.0,447.0,train,0.0010899964879482345,72.69822628672217,0.6695972295711203
448.0,448.0,train,9.131455806786115E-4,12.976306520505744,0.6045620083552738
449.0,449.0,train,6.493102076955725E-4,2.686849222138654,0.48299513565667773
450.0,450.0,train,0.0010942128634435265,75.57412817266206,0.6710096021913456
451.0,451.0,train,0.001120414040383279,91.87959818792035,0.6796519649709949
452.0,452.0,train,9.799617281426682E-4,22.278742956515615,0.6305156478412812
453.0,453.0,train,9.983477051033563E-4,27.121561810570988,0.6373536453039425
454.0,454.0,train,0.00105048086145601,46.94972551670625,0.6560623001217558
455.0,455.0,train,0.0010974283321028933,78.08869040663629,0.6720826387442259
456.0,456.0,train,0.0011289307803687843,97.3534328449287,0.6824119965178364
457.0,457.0,train,6.873890121064246E-4,2.9772642242882537,0.5026151892195344
458.0,458.0,train,0.0010814849256844058,66.16296797694683,0.6667275831765267
459.0,459.0,train,0.0010749750600475708,59.63098762455307,0.6645159930699165
460.0,460.0,train,0.001071655330937484,55.772400448637654,0.6633825406133562
461.0,461.0,train,0.0010191203485966699,36.0978784259566,0.6449271421640779
462.0,462.0,train,0.0010150771578944298,34.46771005829251,0.6434655363798663
463.0,463.0,train,9.882256847726274E-4,24.585859478676408,0.6336049355995681
464.0,464.0,train,9.05177711371052E-4,12.032405146615718,0.6013477861303249
465.0,465.0,train,0.0010718074203418767,56.44938615469898,0.6634345519804121
466.0,466.0,train,0.001049393896554667,46.278559654659134,0.6556822583269133
467.0,467.0,train,7.617490718956287E-4,4.003011323588847,0.538808326190991
468.0,468.0,train,8.930967028396321E-4,10.782852377590194,0.5964244252536512
469.0,469.0,train,0.0010642752729616263,51.819880247745424,0.6608490350388398
470.0,470.0,train,9.730642457919847E-4,21.010000670781757,0.6279172508461863
471.0,471.0,train,5.902078647263878E-4,2.223526656793648,0.4509988084837204
472.0,472.0,train,8.774577334133024E-4,9.681521673479905,0.5899606817637945
473.0,473.0,train,0.001033888645934772,41.54481043365208,0.6502151242949805
474.0,474.0,train,6.591059006755399E-4,2.7547700430235293,0.488115096721909
475.0,475.0,train,7.822065111149654E-4,4.755139807875596,0.5482952058557071
476.0,476.0,train,9.882084135404412E-4,24.54246511086308,0.6335985061621454
477.0,477.0,train,0.0010833441854893172,67.51786431633994,0.6673565468261452
478.0,478.0,train,0.0010722807634645601,56.63736377560742,0.6635963739192424
479.0,479.0,train,9.529217827845567E-4,17.593921240782457,0.6202241787480332
480.0,480.0,train,0.0010412991267361314,44.75922282180927,0.6528387975223108
481.0,481.0,train,0.0010964813439486368,76.91357249680458,0.6717669826874759
482.0,482.0,train,0.001015003230585004,34.40365854153322,0.6434387558631203
483.0,483.0,train,0.001015003230585004,34.40365854153322,0.6434387558631203
484.0,484.0,train,0.001070019753200102,54.274923630602935,0.6628226992921743
485.0,485.0,train,0.0010035468750173586,28.523382987161273,0.6392642331120884
486.0,486.0,train,0.0010144860605500528,33.95557615603372,0.6432513523100792
487.0,487.0,train,0.001015003230585004,34.40365854153322,0.6434387558631203
488.0,488.0,train,0.0010035468750173586,28.523382987161273,0.6392642331120884
489.0,489.0,train,0.001015003230585004,34.40365854153322,0.6434387558631203
490.0,490.0,train,0.0010316980502393426,40.4089556602338,0.6494357557603476
491.0,491.0,train,0.0010035468750173586,28.523382987161273,0.6392642331120884
492.0,492.0,train,0.0010035468750173586,28.523382987161273,0.6392642331120884
493.0,493.0,train,0.0010035468750173586,28.523382987161273,0.6392642331120884
494.0,494.0,train,0.0010035468750173586,28.523382987161273,0.6392642331120884
495.0,495.0,train,9.059736085609739E-4,12.124508235202983,0.601670020452145
496.0,496.0,train,9.730642457919847E-4,21.010000670781757,0.6279172508461863
497.0,497.0,train,0.001076585564403399,60.80252285511168,0.6650644906115628
498.0,498.0,train,0.0010659254088831362,52.78178370710848,0.6614171614698867
499.0,499.0,train,0.0010646248431713072,52.035621820164295,0.6609694683361734
500.0,500.0,train,9.679406255418262E-4,19.845551716120884,0.625975276123041
501.0,501.0,train,0.001120927084674816,92.9484981134018,0.6798189048004937
502.0,502.0,train,9.857970595582004E-4,23.947179295855626,0.6326997403613148
503.0,503.0,train,0.0010683501502183803,53.71474259359744,0.66225025112167
504.0,504.0,train,0.0010818227349807595,66.7593167967102,0.6668419480535727
505.0,505.0,train,0.0011027145498558614,80.84238183564347,0.673839105549636
506.0,506.0,train,0.0011053865198517466,83.26718957323195,0.6747233458977124
507.0,507.0,train,0.0010327782762855466,41.337764000199705,0.6498202945791616
508.0,508.0,train,0.0010035468750173586,28.523382987161273,0.6392642331120884
509.0,509.0,train,0.001079271497965979,64.06066820241558,0.6659772582656783
510.0,510.0,train,0.0010035468750173586,28.523382987161273,0.6392642331120884
511.0,511.0,train,0.0010035468750173586,28.523382987161273,0.6392642331120884
512.0,512.0,train,0.0010035468750173586,28.523382987161273,0.6392642331120884
513.0,513.0,train,0.0010734416129082964,57.5646596601856,0.6639929045191528
514.0,514.0,train,0.0010811583306796827,65.99980333849126,0.666616977557433
515.0,515.0,train,0.001079271497965979,64.06066820241558,0.6659772582656783
516.0,516.0,train,0.001064680437629435,52.05558399187836,0.6609886176965689
517.0,517.0,train,0.0010747823513513495,59.28951034035575,0.6644503011617451
518.0,518.0,train,0.001130126305113658,97.79710967417299,0.6827975238305061
519.0,519.0,train,0.0010902326473685817,72.8413437397753,0.6696764966910789
520.0,520.0,train,0.0010747823513513495,59.28951034035575,0.6644503011617451
521.0,521.0,train,9.425646270450627E-4,15.267796957669765,0.6162067232624145
522.0,522.0,train,0.0010938413130673833,75.02453326562255,0.6708853857369536
523.0,523.0,train,9.902022287527259E-4,25.432207071901995,0.6343399846570559
524.0,524.0,train,0.001082837416117075,67.29717135690754,0.6671852310431998
525.0,525.0,train,9.800451351225671E-4,22.39299455294708,0.6305469573512925
526.0,526.0,train,0.0010747823513513495,59.28951034035575,0.6644503011617451
527.0,527.0,train,0.0010818227349807595,66.7593167967102,0.6668419480535727
528.0,528.0,train,9.474370681741955E-4,16.590614188189075,0.6181019695749989
529.0,529.0,train,0.0010747823513513495,59.28951034035575,0.6644503011617451
530.0,530.0,train,0.0010747823513513495,59.28951034035575,0.6644503011617451
531.0,531.0,train,0.001076761973345615,61.04439379711389,0.665124516568964
532.0,532.0,train,6.94250452054977E-4,3.031352784181341,0.5060705317038836
533.0,533.0,train,0.0010848922463293773,69.23822336046379,0.6678793301650825
534.0,534.0,train,0.0011047112393591354,82.7910118030621,0.6745001006026702
535.0,535.0,train,0.0010747823513513495,59.28951034035575,0.6644503011617451
536.0,536.0,train,0.001079271497965979,64.06066820241558,0.6659772582656783
537.0,537.0,train,0.001079271497965979,64.06066820241558,0.6659772582656783
538.0,538.0,train,0.0010307704760463684,40.1004385980427,0.649105220982494
539.0,539.0,train,9.192522269977615E-4,13.402249905441883,0.6070078639695285
540.0,540.0,train,9.474370681741955E-4,16.590614188189075,0.6181019695749989
541.0,541.0,train,8.340598642844977E-4,7.979492231988544,0.5714765150427308
542.0,542.0,train,0.0010818227349807595,66.7593167967102,0.6668419480535727
543.0,543.0,train,0.001005456642554501,31.02580601132418,0.6399635027424462
544.0,544.0,train,0.0010768296469301126,61.25259560349905,0.6651475407308249
545.0,545.0,train,9.505397758082963E-4,17.255067919228175,0.6193039576256012
546.0,546.0,train,0.0010734416129082964,57.5646596601856,0.6639929045191528
547.0,547.0,train,0.0010938413130673833,75.02453326562255,0.6708853857369536
548.0,548.0,train,8.340598642844977E-4,7.979492231988544,0.5714765150427308
549.0,549.0,train,9.836487583577236E-4,23.65340368763895,0.6318971634108368
550.0,550.0,train,9.472878799036947E-4,16.450734245772548,0.6180440785500815
551.0,551.0,train,0.0010606010663580885,50.30917401775564,0.6595806131659324
552.0,552.0,train,0.0011140790933927415,88.59291140003324,0.677583445280856
553.0,553.0,train,8.861462169596909E-4,10.250118027844024,0.5935643951542359
554.0,554.0,train,0.0011096934656154667,86.81431693696433,0.6761436085225128
555.0,555.0,train,0.001049623810735606,46.540291277104544,0.655762679547955
556.0,556.0,train,0.0010074640580585445,31.77971879501439,0.640697065410189
557.0,557.0,train,9.730642457919847E-4,21.010000670781757,0.6279172508461863
558.0,558.0,train,0.001039549279380885,44.03163758705424,0.6522210461927115
559.0,559.0,train,9.983477051033563E-4,27.121561810570988,0.6373536453039425
560.0,560.0,train,0.001034528807496034,42.06122196611865,0.6504425531786178
561.0,561.0,train,0.0011169125729626104,89.83266402540117,0.6785102935940528
562.0,562.0,train,0.001078588787108727,62.97493560773183,0.6657454869413968
563.0,563.0,train,0.0011169125729626104,89.83266402540117,0.6785102935940528
564.0,564.0,train,0.001004685417407298,30.028441015671486,0.6396812786424226
565.0,565.0,train,0.0011062892971464059,84.83224289453868,0.6750215616566124
566.0,566.0,train,0.0010916102282937927,74.80377270518353,0.6701385040913167
567.0,567.0,train,0.0012015726677119137,99.51598863341565,0.7050073706373761
568.0,568.0,train,0.0010768296469301126,61.25259560349905,0.6651475407308249
569.0,569.0,train,0.0011170852047999611,90.25972790347798,0.678566676324645
570.0,570.0,train,0.001027486581395509,38.61640463508912,0.6479325206394562
571.0,571.0,train,7.233462310168194E-4,3.3124473595121873,0.5204581123443509
572.0,572.0,train,9.634925958462015E-4,19.265617294553692,0.6242811492890203
573.0,573.0,train,0.0010871764601031763,70.77008354189662,0.6686492136874689
574.0,574.0,train,0.0010908520168218525,73.71259801391501,0.6698842982706037
575.0,575.0,train,0.0010295117934687923,39.25095054173086,0.6486561995440646
576.0,576.0,train,0.0010560434384342156,49.27617129108032,0.6580006197279215
577.0,577.0,train,0.0010263319925981648,38.14619132298984,0.6475192788535995
578.0,578.0,train,0.0010848922463293773,69.23822336046379,0.6678793301650825
579.0,579.0,train,5.960179298934362E-4,2.253937170420004,0.454230049207636
580.0,580.0,train,9.918429224183645E-4,26.02649550468551,0.6349490154846728
581.0,581.0,train,9.010482305707713E-4,11.76994755639651,0.5996716965208891
582.0,582.0,train,0.001071004508952465,55.35268255378035,0.6631598824240712
583.0,583.0,train,0.0010768296469301126,61.25259560349905,0.6651475407308249
584.0,584.0,train,0.0010511495703269698,47.41151615642733,0.6562958962115435
585.0,585.0,train,0.0011062892971464059,84.83224289453868,0.6750215616566124
586.0,586.0,train,7.822065111149654E-4,4.755139807875596,0.5482952058557071
587.0,587.0,train,0.0011256105438541735,94.52733804910783,0.6813388424838218
588.0,588.0,train,9.425646270450627E-4,15.267796957669765,0.6162067232624145
589.0,589.0,train,0.0010256026913717583,37.65681369611129,0.647258002895772
590.0,590.0,train,8.95591323704046E-4,11.079973590010043,0.597446012343452
591.0,591.0,train,0.0011276236993839099,95.10716264874992,0.6819899588490174
592.0,592.0,train,0.0011289307803687843,97.3534328449287,0.6824119965178364
593.0,593.0,train,0.0010341404328788422,41.75223414104035,0.6503045937745365
594.0,594.0,train,0.001120927084674816,92.9484981134018,0.6798189048004937
595.0,595.0,train,0.0010616501370302965,50.75859750705891,0.6599432599484003
596.0,596.0,train,0.0010807971120900452,65.73691843456518,0.6664946034622992
597.0,597.0,train,0.001071655330937484,55.772400448637654,0.6633825406133562
598.0,598.0,train,9.215936833078195E-4,13.820626226345968,0.607941654935475
599.0,599.0,train,9.836487583577236E-4,23.65340368763895,0.6318971634108368
600.0,600.0,train,0.0010748075015517636,59.34661527627712,0.6644588752703582
601.0,601.0,train,0.0010655108438635537,52.35449056687834,0.6612745201701924
602.0,602.0,train,8.107718686772266E-4,6.316070492442339,0.5612164300247288
603.0,603.0,train,8.813118822278329E-4,9.808825725938961,0.591563189637625
604.0,604.0,train,0.00112091991977951,92.93243569971067,0.6798165740094466
605.0,605.0,train,0.0011006070239565123,80.06257417741898,0.6731399624316545
606.0,606.0,train,0.0010532485053809824,48.113905934656174,0.6570280746801945
607.0,607.0,train,9.607520044638628E-4,18.698669693144303,0.623233518445111
608.0,608.0,train,7.653399010406199E-4,4.1073534079007,0.5404878278888099
609.0,609.0,train,0.001002654152677141,28.42383979712746,0.6389368933191095
610.0,610.0,train,0.001120706347228801,92.47132536970467,0.6797470895589297
611.0,611.0,train,0.0011039751324275202,82.2216378947208,0.6742565717604903
612.0,612.0,train,8.070021538630191E-4,5.7868094065552675,0.5595326434976647
613.0,613.0,train,0.0010523156417796733,47.90344516147284,0.6567028535366422
614.0,614.0,train,0.0010394850962889097,44.01284338214841,0.6521983666487287
615.0,615.0,train,8.868291880455216E-4,10.515953728814466,0.5938463240690226
616.0,616.0,train,0.0011235468568664693,93.85185968062265,0.6806699989125891
617.0,617.0,train,0.001054766746290471,48.957168406171995,0.6575567153494095
618.0,618.0,train,0.0010619500021130197,51.22680950373892,0.6600468474492911
619.0,619.0,train,9.297288654334194E-4,14.33227500123792,0.6111688159709427
620.0,620.0,train,9.334317558987506E-4,14.503204469192097,0.6126289122454907
621.0,621.0,train,0.0010991636188573087,78.86018604316138,0.672660267892544
622.0,622.0,train,0.0010323141435397418,41.17624495096833,0.6496551243347868
623.0,623.0,train,0.001079271497965979,64.06066820241558,0.6659772582656783
624.0,624.0,train,8.059469060805268E-4,5.755417916227296,0.5590601484786915
625.0,625.0,train,0.0011330749016818956,98.81695133539408,0.6837463743178769
626.0,626.0,train,0.0011327012526415677,98.59085949570779,0.6836262922803549
627.0,627.0,train,9.776319144741761E-4,21.809405260704022,0.6296400038400515
628.0,628.0,train,9.531503614939561E-4,17.62279215320615,0.620312366624475
629.0,629.0,train,9.836487583577236E-4,23.65340368763895,0.6318971634108368
630.0,630.0,train,6.675883633574834E-4,2.8211785236039355,0.4925076842441819
631.0,631.0,train,9.506147169627703E-4,17.265996449136907,0.6193329429678922
632.0,632.0,train,0.0010142596689718866,33.7596629282051,0.6431692852687803
633.0,633.0,train,0.0011047112393591354,82.7910118030621,0.6745001006026702
634.0,634.0,train,0.001054766746290471,48.957168406171995,0.6575567153494095
635.0,635.0,train,9.972745694436236E-4,26.703129942152536,0.6369580319448814
636.0,636.0,train,0.001083499232742452,67.58885963048962,0.6674089436637762
637.0,637.0,train,0.0010716877846108316,56.214928523371064,0.6633936397593574
638.0,638.0,train,0.0010848922463293773,69.23822336046379,0.6678793301650825
639.0,639.0,train,0.0010747823513513495,59.28951034035575,0.6644503011617451
640.0,640.0,train,0.0010938413130673833,75.02453326562255,0.6708853857369536
641.0,641.0,train,0.001054766746290471,48.957168406171995,0.6575567153494095
642.0,642.0,train,0.0010824197950434133,67.0498327041477,0.6670439859525537
643.0,643.0,train,0.0010538651698558232,48.534451457464826,0.6572428912038242
644.0,644.0,train,0.0010848922463293773,69.23822336046379,0.6678793301650825
645.0,645.0,train,8.251523765842097E-4,7.141303980944877,0.5675807499401198
646.0,646.0,train,8.884865368861267E-4,10.586531011938419,0.5945296610822614
647.0,647.0,train,0.0010378479511239792,43.510005740034,0.6516193697005762
648.0,648.0,train,0.0010552149841048582,49.08179711641645,0.6577126327134664
649.0,649.0,train,0.0010969654474551837,77.10094493784706,0.6719283850618811
650.0,650.0,train,9.996843436641566E-4,27.421572335100652,0.6378457966400067
651.0,651.0,train,0.0010902487837886362,72.85169392953179,0.6696819122007074
652.0,652.0,train,0.0010908324614768551,73.66967517912632,0.6698777393525613
653.0,653.0,train,0.0010850030824018082,69.70192158848883,0.6679167282020042
654.0,654.0,train,0.0011085260497132022,85.50962281924339,0.6757592540957986
655.0,655.0,train,0.0010938413130673833,75.02453326562255,0.6708853857369536
656.0,656.0,train,0.0010035468750173586,28.523382987161273,0.6392642331120884
657.0,657.0,train,8.321428741481589E-4,7.6713780916232,0.5706410779902297
658.0,658.0,train,6.972400026215995E-4,3.0602340267653205,0.5075685174142931
659.0,659.0,train,0.0010376706102911439,43.3055044157889,0.6515565930563976
660.0,660.0,train,0.001058951129869415,50.01588399074976,0.6590094741844881
661.0,661.0,train,0.0010657659973596731,52.66821075213313,0.6613623191206537
662.0,662.0,train,0.001082706230990337,67.18920595023855,0.6671408689164795
663.0,663.0,train,0.0010306312098787916,39.998094005950435,0.649055567526427
664.0,664.0,train,0.0010299388719796827,39.584070877536696,0.6488086195662299
665.0,665.0,train,0.001005008917898616,30.582053987236115,0.6397996881645618
666.0,666.0,train,0.0010765742533053204,60.75033541169904,0.6650606414629185
667.0,667.0,train,0.0010380954545882069,43.58961885783532,0.6517069642140174
668.0,668.0,train,0.001078588787108727,62.97493560773183,0.6657454869413968
669.0,669.0,train,0.0011047112393591354,82.7910118030621,0.6745001006026702
670.0,670.0,train,0.0010741259453352478,57.93768258664529,0.6642264442756973
671.0,671.0,train,9.126077807804474E-4,12.927406156770456,0.6043458788847114
672.0,672.0,train,0.0011043277129873426,82.52056606307718,0.6743732399521852
673.0,673.0,train,8.084016048477748E-4,6.009761743026576,0.5601584771776345
674.0,674.0,train,9.083649799061752E-4,12.403236568197768,0.6026366470840624
675.0,675.0,train,0.001111202511390246,87.18339119626208,0.6766397644961346
676.0,676.0,train,0.0011110301320769295,87.0360407048607,0.6765831267430252
677.0,677.0,train,0.0011292631415317136,97.57288235276827,0.6825192218154674
678.0,678.0,train,0.001109391488337606,86.14854749753344,0.6760442306742714
679.0,679.0,train,9.593774083340385E-4,18.592318868306183,0.6227069596092403
680.0,680.0,train,0.0010125770971549139,33.26611338827178,0.6425587604370135
681.0,681.0,train,0.0012015726677119137,99.51598863341565,0.7050073706373761
682.0,682.0,train,9.730642457919847E-4,21.010000670781757,0.6279172508461863
683.0,683.0,train,8.813118822278329E-4,9.808825725938961,0.591563189637625
684.0,684.0,train,0.001006674335248019,31.245063805340102,0.6404086583317601
685.0,685.0,train,0.0010769678665810667,62.00556424162968,0.6651945614228527
686.0,686.0,train,0.0010035468750173586,28.523382987161273,0.6392642331120884
687.0,687.0,train,0.0010747823513513495,59.28951034035575,0.6644503011617451
688.0,688.0,train,0.0011329587299312633,98.74854927879201,0.6837090443253193
689.0,689.0,train,0.0010850030824018082,69.70192158848883,0.6679167282020042
690.0,690.0,train,0.0010747927252354528,59.32153761162095,0.6644538378125571
691.0,691.0,train,0.0010435419901016101,45.281761643986876,0.6536289947362526
692.0,692.0,train,0.0010747823513513495,59.28951034035575,0.6644503011617451
693.0,693.0,train,0.001073055568397141,56.84514170867339,0.6638610887921232
694.0,694.0,train,7.881523332208326E-4,5.034672901319428,0.5510157245409836
695.0,695.0,train,8.655334674179204E-4,9.284193635588842,0.5849627904706795
696.0,696.0,train,8.997687489516501E-4,11.573159729605157,0.5991509469908602
697.0,697.0,train,9.216360635943105E-4,13.86937940508241,0.6079585360636108
698.0,698.0,train,0.0010941022457803024,75.46212004417056,0.6709726254757331
699.0,699.0,train,6.254374440060579E-4,2.501292033664224,0.47030193698712874
700.0,700.0,train,0.0010452976947122041,45.59442960048866,0.6542463027493928
701.0,701.0,train,9.472878799036947E-4,16.450734245772548,0.6180440785500815
702.0,702.0,train,0.0010316980502393426,40.4089556602338,0.6494357557603476
703.0,703.0,train,9.338166290110373E-4,14.981882737347465,0.6127803576472677
704.0,704.0,train,8.251523765842097E-4,7.141303980944877,0.5675807499401198
705.0,705.0,train,8.478058886870337E-4,8.49352616586932,0.577419693986083
706.0,706.0,train,0.0010501205531555286,46.760726354526604,0.6559363699573905
707.0,707.0,train,0.001127669777020835,95.3149998360901,0.6820048461884856
708.0,708.0,train,8.589758988413604E-4,8.966064480987871,0.5821883612225853
709.0,709.0,train,8.274495034880918E-4,7.2562184968313,0.5685887940427143
710.0,710.0,train,0.0011003710251663462,79.521466153827,0.6730615797899123
711.0,711.0,train,8.876098668467315E-4,10.549198503500367,0.5941683469835755
712.0,712.0,train,0.0010158534898424536,34.686588326773695,0.6437466448526368
713.0,713.0,train,0.001120577521922737,92.27882322205195,0.6797051697865153
714.0,714.0,train,8.282257639288118E-4,7.3230588969764305,0.5689289075285938
715.0,715.0,train,0.001127669777020835,95.3149998360901,0.6820048461884856
716.0,716.0,train,0.0010341312131113287,41.74462027690777,0.6503013180440913
717.0,717.0,train,9.338166290110373E-4,14.981882737347465,0.6127803576472677
718.0,718.0,train,0.001127669777020835,95.3149998360901,0.6820048461884856
719.0,719.0,train,0.001127669777020835,95.3149998360901,0.6820048461884856
720.0,720.0,train,0.0010964813439486368,76.91357249680458,0.6717669826874759
721.0,721.0,train,8.595536551228017E-4,9.025299563095537,0.5824335462667222
722.0,722.0,train,9.504900350110332E-4,17.245554967681855,0.6192847179252485
723.0,723.0,train,0.0010734416129082964,57.5646596601856,0.6639929045191528
724.0,724.0,train,9.338166290110373E-4,14.981882737347465,0.6127803576472677
725.0,725.0,train,0.001073055568397141,56.84514170867339,0.6638610887921232
726.0,726.0,train,0.0010876913040548217,71.32336659265201,0.6688224928199524
727.0,727.0,train,0.001127669777020835,95.3149998360901,0.6820048461884856
728.0,728.0,train,0.0010193729335379504,36.20983705095449,0.6450182520350622
729.0,729.0,train,0.0010420550681787117,45.07077952707275,0.6531053291782911
730.0,730.0,train,9.86723107007317E-4,24.34384141174007,0.6330451595101818
731.0,731.0,train,7.888903802895527E-4,5.069377547733497,0.5513522737675604
732.0,732.0,train,9.557539252789645E-4,18.07314514244913,0.6213154028560987
733.0,733.0,train,0.0010783986898297605,62.54596886229969,0.6656809228049683
734.0,734.0,train,0.0010241548458137786,37.12749374101153,0.6467387306626987
735.0,735.0,train,0.0010709855841084133,55.27961496467261,0.6631534056832129
736.0,736.0,train,0.001127669777020835,95.3149998360901,0.6820048461884856
737.0,737.0,train,0.001127669777020835,95.3149998360901,0.6820048461884856
738.0,738.0,train,0.001127669777020835,95.3149998360901,0.6820048461884856
739.0,739.0,train,0.001127669777020835,95.3149998360901,0.6820048461884856
740.0,740.0,train,0.001127669777020835,95.3149998360901,0.6820048461884856
741.0,741.0,train,0.001127669777020835,95.3149998360901,0.6820048461884856
742.0,742.0,train,0.001127669777020835,95.3149998360901,0.6820048461884856
743.0,743.0,train,0.0011124084332953125,87.81354585281456,0.6770357105285942
744.0,744.0,train,8.589758988413604E-4,8.966064480987871,0.5821883612225853
745.0,745.0,train,0.001127669777020835,95.3149998360901,0.6820048461884856
746.0,746.0,train,9.213159779585882E-4,13.500732519179362,0.6078310199602058
747.0,747.0,train,0.0010765186969417734,60.49889798370016,0.6650417350787501
748.0,748.0,train,0.0010730653758329062,56.961701998700406,0.6638644382022068
749.0,749.0,train,9.628911194383257E-4,18.987860255154786,0.6240514759868349
750.0,750.0,train,9.98113718328814E-4,26.862046633484916,0.6372674224335066
751.0,751.0,train,8.190962571477858E-4,6.665651779202006,0.5649118488428251
752.0,752.0,train,0.001109007943614479,85.81342922781026,0.6759179657920271
753.0,753.0,train,9.593327088932283E-4,18.586997993766225,0.6226898244962739
754.0,754.0,train,0.0010768547401324032,61.90403628291477,0.6651560776323213
755.0,755.0,train,9.98113718328814E-4,26.862046633484916,0.6372674224335066
756.0,756.0,train,0.0011087356436228703,85.59163276589054,0.6758282933727116
757.0,757.0,train,0.0010478206980434478,45.848302842695304,0.6551314680265165
758.0,758.0,train,0.0011058219853151618,83.7753141334212,0.6748672279973513
759.0,759.0,train,0.0011034433745420321,81.24592202094702,0.6740805350880638
760.0,760.0,train,9.641496663731436E-4,19.338365042227146,0.6245318908016959
761.0,761.0,train,0.0010898425959601163,72.32295934044964,0.6695455653520868
762.0,762.0,train,0.001008531344763806,32.54567260872597,0.6410864714140474
763.0,763.0,train,0.0010958064763392486,76.6243182388893,0.6715418461538396
764.0,764.0,train,0.0010180278884587028,35.788531440107214,0.6445328116865423
765.0,765.0,train,0.0010709299821720837,55.02446674654962,0.6631343760433277
766.0,766.0,train,9.021211554873112E-4,11.838139491823851,0.6001078558465377
767.0,767.0,train,0.0010655126649413915,52.356729646041764,0.6612751468882379
768.0,768.0,train,0.0010718628651308474,56.52529679157145,0.6634535109293713
769.0,769.0,train,0.0010180278884587028,35.788531440107214,0.6445328116865423
770.0,770.0,train,0.001089870145436225,72.62171083497111,0.6695548147843612
771.0,771.0,train,0.0010115590983327065,33.08143632550531,0.6421888702821925
772.0,772.0,train,0.0011034433745420321,81.24592202094702,0.6740805350880638
773.0,773.0,train,9.547637007482185E-4,17.826566933639093,0.6209342264316591
774.0,774.0,train,0.001103904992981202,81.85216726272945,0.6742333577756625
775.0,775.0,train,9.806582183108147E-4,22.79581501534498,0.6307770165630537
776.0,776.0,train,0.001079271497965979,64.06066820241558,0.6659772582656783
777.0,777.0,train,9.836487583577236E-4,23.65340368763895,0.6318971634108368
778.0,778.0,train,0.001103904992981202,81.85216726272945,0.6742333577756625
779.0,779.0,train,0.0010111929826356358,32.999598989172085,0.6420557484775268
780.0,780.0,train,0.0010551364638911682,49.06319862570533,0.6576853249650437
781.0,781.0,train,0.0011034433745420321,81.24592202094702,0.6740805350880638
782.0,782.0,train,0.0010943391997284473,75.78682415380953,0.6710518281655122
783.0,783.0,train,0.0010321239536351357,41.11005851434421,0.6495874192296225
784.0,784.0,train,0.0010077438754197603,32.34483260572966,0.6407991993098039
785.0,785.0,train,9.86723107007317E-4,24.34384141174007,0.6330451595101818
786.0,786.0,train,0.0011235468568664693,93.85185968062265,0.6806699989125891
787.0,787.0,train,0.0010628941564737957,51.50504046951901,0.6603727967223068
788.0,788.0,train,0.0011210693292899527,93.40127069211783,0.6798651744664563
789.0,789.0,train,9.776319144741761E-4,21.809405260704022,0.6296400038400515
790.0,790.0,train,0.0010655126649413915,52.356729646041764,0.6612751468882379
791.0,791.0,train,0.0011034433745420321,81.24592202094702,0.6740805350880638
792.0,792.0,train,0.0010987110422936962,78.63980210253405,0.6725097157773329
793.0,793.0,train,0.0010407922563488456,44.39223250317742,0.6526599692580849
794.0,794.0,train,0.0010875690431531495,71.25601808713058,0.6687813521246869
795.0,795.0,train,0.0010987110422936962,78.63980210253405,0.6725097157773329
796.0,796.0,train,0.0010077438754197603,32.34483260572966,0.6407991993098039
797.0,797.0,train,0.0011034433745420321,81.24592202094702,0.6740805350880638
798.0,798.0,train,0.0011237740639250791,94.07791288818217,0.6807437057270158
799.0,799.0,train,0.0010943391997284473,75.78682415380953,0.6710518281655122
800.0,800.0,train,0.0010219480982306514,36.60790247868845,0.6459458061197838
801.0,801.0,train,0.0011299061332208896,97.73991477531864,0.6827265589874645
802.0,802.0,train,0.0010709855841084133,55.27961496467261,0.6631534056832129
803.0,803.0,train,0.0010286557349106899,38.863467475716824,0.6483504816398933
804.0,804.0,train,0.001015003230585004,34.40365854153322,0.6434387558631203
805.0,805.0,train,0.0011034433745420321,81.24592202094702,0.6740805350880638
806.0,806.0,train,0.0010765186969417734,60.49889798370016,0.6650417350787501
807.0,807.0,train,0.0011207321847093448,92.5115672525722,0.6797554964181214
808.0,808.0,train,0.0011250178310517978,94.34195084258721,0.6811468870388738
809.0,809.0,train,0.0010915163943691793,74.07217380325596,0.6701070549759855
810.0,810.0,train,0.001001250499371304,27.74488323592272,0.6384216066487314
811.0,811.0,train,0.0011169294082173655,89.907880380634,0.678515792537791
812.0,812.0,train,0.00105883435647063,49.98753278050435,0.6589690158293322
813.0,813.0,train,0.0011327012526415677,98.59085949570779,0.6836262922803549
814.0,814.0,train,0.001061085264034239,50.543209984881976,0.6597480405111658
815.0,815.0,train,0.001127669777020835,95.3149998360901,0.6820048461884856
816.0,816.0,train,0.0010913887733472575,73.82108135639999,0.6700642770595145
817.0,817.0,train,0.0010918900018543267,74.83119467082331,0.6702322544195489
818.0,818.0,train,0.0010646248431713072,52.035621820164295,0.6609694683361734
819.0,819.0,train,0.001061085264034239,50.543209984881976,0.6597480405111658
820.0,820.0,train,0.0010818227349807595,66.7593167967102,0.6668419480535727
821.0,821.0,train,0.001109391488337606,86.14854749753344,0.6760442306742714
822.0,822.0,train,0.0010916102282937927,74.80377270518353,0.6701385040913167
823.0,823.0,train,0.0010786405909784915,63.302258027625186,0.6657630793085183
824.0,824.0,train,9.77587862592798E-4,21.78941818989987,0.6296234272775014
825.0,825.0,train,0.0011047112393591354,82.7910118030621,0.6745001006026702
826.0,826.0,train,0.0011169125729626104,89.83266402540117,0.6785102935940528
827.0,827.0,train,0.0010359762416030636,42.991412142083625,0.6509562351084683
828.0,828.0,train,7.91959627338126E-4,5.306560540712587,0.5527491456438877
829.0,829.0,train,7.819295152757425E-4,4.719570547168204,0.5481680649548291
830.0,830.0,train,0.0011086200005861284,85.54638393548161,0.6757902029024435
831.0,831.0,train,0.0010531480780746258,48.00990502590147,0.6569930778453287
832.0,832.0,train,0.001067174970155267,53.20895972375987,0.6618467404982598
833.0,833.0,train,8.22497220086668E-4,7.008478918906706,0.5664126572962364
834.0,834.0,train,0.0011183793307866887,90.82665481250645,0.6789890318698071
835.0,835.0,train,0.001025551250762194,37.5326744408307,0.6472395667195556
836.0,836.0,train,0.0010969654474551837,77.10094493784706,0.6719283850618811
837.0,837.0,train,0.0010786405909784915,63.302258027625186,0.6657630793085183
838.0,838.0,train,8.303388155752994E-4,7.505053351734749,0.5698533696769912
839.0,839.0,train,0.0010898425959601163,72.32295934044964,0.6695455653520868
840.0,840.0,train,0.0011006070239565123,80.06257417741898,0.6731399624316545
841.0,841.0,train,0.0010397577553581834,44.088707949888075,0.6522947024330399
842.0,842.0,train,0.0010026087172703784,28.384874440140205,0.6389202253078551
843.0,843.0,train,0.0010171415060509941,35.226583349524276,0.6442125445007305
844.0,844.0,train,0.0010807971120900452,65.73691843456518,0.6664946034622992
845.0,845.0,train,0.0010916102282937927,74.80377270518353,0.6701385040913167
846.0,846.0,train,0.001084443834711574,68.11854120296853,0.6677279852197879
847.0,847.0,train,9.453855148591951E-4,16.035097829153692,0.61730511485331
848.0,848.0,train,9.902022287527259E-4,25.432207071901995,0.6343399846570559
849.0,849.0,train,0.0010292115994089566,39.0474420928427,0.6485490237163616
850.0,850.0,train,0.0010444080696011442,45.43599903998926,0.6539336470295998
851.0,851.0,train,0.001126589595165401,94.86484507292059,0.681655664114807
852.0,852.0,train,0.0010787689383277693,63.51526822294888,0.6658066615171165
853.0,853.0,train,9.244851503840065E-4,14.054095723877113,0.6090917332434276
854.0,854.0,train,9.338166290110373E-4,14.981882737347465,0.6127803576472677
855.0,855.0,train,0.0010809707723570636,65.8930768948805,0.6665534419149703
856.0,856.0,train,0.00109458437685448,76.13182428907477,0.6711337594120225
857.0,857.0,train,0.0010747823513513495,59.28951034035575,0.6644503011617451
858.0,858.0,train,0.0010747823513513495,59.28951034035575,0.6644503011617451
859.0,859.0,train,0.001079271497965979,64.06066820241558,0.6659772582656783
860.0,860.0,train,9.338166290110373E-4,14.981882737347465,0.6127803576472677
861.0,861.0,train,0.0011003710251663462,79.521466153827,0.6730615797899123
862.0,862.0,train,0.0011210693292899527,93.40127069211783,0.6798651744664563
863.0,863.0,train,0.0010807971120900452,65.73691843456518,0.6664946034622992
864.0,864.0,train,0.0011039605269700826,82.06039834318547,0.6742517379427155
865.0,865.0,train,9.444456725545587E-4,15.909887201063958,0.6169395105990838
866.0,866.0,train,0.001119608087308602,91.27397077720724,0.6793895395693745
867.0,867.0,train,0.001086353977624047,70.4614512480519,0.6683722056581534
868.0,868.0,train,9.453039095165675E-4,16.02243771786333,0.617273383727553
869.0,869.0,train,8.296944386885164E-4,7.449553988828084,0.5695716644682225
870.0,870.0,train,0.0010318903115622926,41.028750643250916,0.6495042278140277
871.0,871.0,train,8.330483228396662E-4,7.75489819056805,0.5710358813281393
872.0,872.0,train,0.001004685417407298,30.028441015671486,0.6396812786424226
873.0,873.0,train,9.485560478290594E-4,16.780215708592607,0.61853589888482
874.0,874.0,train,0.0010345498399264438,42.37004743158429,0.6504500228174718
875.0,875.0,train,0.0010022247028761548,28.02672365649271,0.6387793186164978
876.0,876.0,train,0.0010074640580585445,31.77971879501439,0.640697065410189
877.0,877.0,train,0.0010905723081562275,73.06276241628872,0.6697904707931328
878.0,878.0,train,0.0010072042239271492,31.343416083520196,0.6406021994262652
879.0,879.0,train,0.0011185758335181609,91.0458173923782,0.6790531146487453
880.0,880.0,train,6.951499648916135E-4,3.0400427353507076,0.5065217327424014
881.0,881.0,train,0.0010801011160503284,65.24463108991034,0.6662586863619302
882.0,882.0,train,0.0010074640580585445,31.77971879501439,0.640697065410189
883.0,883.0,train,0.0010881861867437488,71.65628241817731,0.6689889682491268
884.0,884.0,train,0.001070829619776081,54.913321346788294,0.6631000245134089
885.0,885.0,train,0.0010069015744235185,31.284514356396357,0.6404916698818527
886.0,886.0,train,0.0010716196088566817,55.75767694083224,0.6633703232499186
887.0,887.0,train,6.31204954203636E-4,2.561311882418122,0.4733967980594119
888.0,888.0,train,0.0010692406688540739,54.0611981131447,0.66255569949662
889.0,889.0,train,0.0010848922463293773,69.23822336046379,0.6678793301650825
890.0,890.0,train,0.0010168299083778475,35.0798394106503,0.6440998896722651
891.0,891.0,train,0.0011460188520825733,99.08574898713296,0.6878782379270185
892.0,892.0,train,0.0010216704576938528,36.57199325986232,0.645845918859911
893.0,893.0,train,0.0010295117934687923,39.25095054173086,0.6486561995440646
894.0,894.0,train,0.0010025207147142893,28.302798911461085,0.6388879393191247
895.0,895.0,train,0.0011061241260336406,84.06286442317607,0.6749670208810941
896.0,896.0,train,0.0011125956334928576,88.03149122400312,0.6770971313659735
897.0,897.0,train,0.0011112873651218332,87.25592448814064,0.6766676407918979
898.0,898.0,train,0.0010228698144300076,36.9141421297462,0.6462772117280007
899.0,899.0,train,9.554630967777875E-4,18.01768306788326,0.6212034912839903
900.0,900.0,train,0.0011059179062950471,83.82143418939951,0.6748989126840441
901.0,901.0,train,0.0010316980502393426,40.4089556602338,0.6494357557603476
902.0,902.0,train,9.679406255418262E-4,19.845551716120884,0.625975276123041
903.0,903.0,train,0.0010801011160503284,65.24463108991034,0.6662586863619302
904.0,904.0,train,9.686588844051013E-4,20.136018704158335,0.6262481230558121
905.0,905.0,train,7.404156243356265E-4,3.6411610848146925,0.5287029176364648
906.0,906.0,train,0.0010707957930529365,54.594416294009804,0.6630884456855566
907.0,907.0,train,0.0011198959700230615,91.60562980515238,0.6794833013811473
908.0,908.0,train,0.0010708070796967822,54.67195888830704,0.6630923091281364
909.0,909.0,train,0.001082706230990337,67.18920595023855,0.6671408689164795
910.0,910.0,train,0.0011096615027573582,86.27557764198642,0.6761330912928666
911.0,911.0,train,0.0010534549955637659,48.328649419639106,0.6571000210110112
912.0,912.0,train,0.0010985750310071058,78.52808326531611,0.6724644573350371
913.0,913.0,train,0.0010353214178411214,42.5804665279317,0.6507239373506745
914.0,914.0,train,0.0010221752943938356,36.80840093798337,0.646027523952153
915.0,915.0,train,9.902022287527259E-4,25.432207071901995,0.6343399846570559
916.0,916.0,train,0.0010481951638200574,46.01182080244551,0.6552626515566821
917.0,917.0,train,0.0010628819645138203,51.50226118622999,0.6603685896990505
918.0,918.0,train,0.0012357732375554377,100.0,0.7150817233934511
919.0,919.0,train,0.0010792024303401422,63.98370562966555,0.6659538180270868
920.0,920.0,train,0.001073143837323638,57.279248966864444,0.6638912329659641
921.0,921.0,train,0.0010406923472942354,44.344959191801294,0.6526247096114066
922.0,922.0,train,0.0010778486808490043,62.4261753857106,0.6654940489621886
923.0,923.0,train,9.697202817362109E-4,20.523724962857557,0.6266509545821736
924.0,924.0,train,0.001056522247501885,49.3929235762904,0.6581669526738645
925.0,925.0,train,0.0010471856666333915,45.758075670672234,0.6549088885528214
926.0,926.0,train,9.471338623386325E-4,16.306379994787385,0.6179843043591486
927.0,927.0,train,0.0011194809586345337,91.24633461972691,0.6793481257315173
928.0,928.0,train,0.0010506567602733235,47.06172176590962,0.6561237611923607
929.0,929.0,train,0.0010974283321028933,78.08869040663629,0.6720826387442259
930.0,930.0,train,0.0010681818837749793,53.52877926894572,0.6621925045906945
931.0,931.0,train,0.0010026087172703784,28.384874440140205,0.6389202253078551
